<?xml version="1.0" encoding="UTF-8" ?>
<!DOCTYPE mapper
  PUBLIC "-//mybatis.org//DTD Mapper 3.0//EN"
  "http://mybatis.org/dtd/mybatis-3-mapper.dtd">

<mapper namespace="com.example.demo.repository.LikeRepository">

	<select id="getLikes" parameterType="int">
		SELECT COUNT(*)
		FROM `like`
		WHERE articleId = #{id}
	</select>
	
	<insert id="insertLike" parameterType="int">
		INSERT INTO `like`
		SET memberId = ${loginedMemberId},
		articleId = ${id}
	</insert>
	
	<insert id="deleteLike" parameterType="int">
		DELETE FROM `like`
		WHERE memberId = ${loginedMemberId} 
		AND articleId = ${id} 
	</insert>
	
	<select id="isMyLike">
		SELECT COUNT(*) FROM `like`
		WHERE memberId = ${loginedMemberId} 
		AND articleId = ${id} 
	</select>
	
</mapper>